City_ID,City,Country,Date,Lat,Lng,Max Temp,Humidity,Cloudiness,Wind Speed
0,Hermanus,ZA,2022-11-13 09:54:29,-34.4187,19.2345,70.81,63,0,11.27
1,Ahipara,NZ,2022-11-13 09:54:29,-35.1667,173.1667,57.43,89,9,7.78
2,Hasaki,JP,2022-11-13 09:54:29,35.7333,140.8333,67.21,86,100,22.7
3,Tuktoyaktuk,CA,2022-11-13 09:54:30,69.4541,-133.0374,8.51,94,41,3.44
4,Cape Town,ZA,2022-11-13 09:54:30,-33.9258,18.4232,76.12,55,40,8.01
5,Rio Grande,BR,2022-11-13 09:51:47,-32.035,-52.0986,68.49,87,100,16.55
6,Balkanabat,TM,2022-11-13 09:54:31,39.5108,54.3671,60.46,49,2,13.67
7,Yar-Sale,RU,2022-11-13 09:54:31,66.8333,70.8333,-1.34,91,97,10.47
8,Marathon,US,2022-11-13 09:54:32,44.9,-89.7668,22.71,84,100,9.22
9,Atuona,PF,2022-11-13 09:54:32,-9.8,-139.0333,77.81,81,23,20.47
10,Codrington,AU,2022-11-13 09:54:32,-38.2667,141.9667,56.82,88,74,10.51
11,Rikitea,PF,2022-11-13 09:54:33,-23.1203,-134.9692,73.9,89,99,18.25
12,Lorengau,PG,2022-11-13 09:54:33,-2.0226,147.2712,81.54,79,100,4.41
13,Saint-Philippe,RE,2022-11-13 09:54:34,-21.3585,55.7679,81.99,71,22,5.82
14,Souillac,MU,2022-11-13 09:54:34,-20.5167,57.5167,80.98,57,20,6.91
15,Nuuk,GL,2022-11-13 09:54:34,64.1835,-51.7216,25.88,79,100,10.0
16,Pisco,PE,2022-11-13 09:54:35,-13.7,-76.2167,62.65,88,100,5.75
17,Paka,MY,2022-11-13 09:54:35,4.6374,103.4368,82.33,89,20,0.0
18,Atherton,GB,2022-11-13 09:54:36,53.5237,-2.4935,54.95,92,2,1.01
19,Shar,KZ,2022-11-13 09:54:36,49.5886,81.0453,36.07,69,100,16.06
20,Hobart,AU,2022-11-13 09:54:36,-42.8794,147.3294,55.26,96,75,4.61
21,Ribeira Grande,PT,2022-11-13 09:54:37,38.5167,-28.7,60.78,77,20,8.05
22,Ushuaia,AR,2022-11-13 09:51:32,-54.8,-68.3,49.66,46,0,4.61
23,Thompson,CA,2022-11-13 09:54:37,55.7435,-97.8558,-3.84,84,75,0.0
24,Bengkulu,ID,2022-11-13 09:54:38,-3.8004,102.2655,75.49,93,100,3.06
25,Lompoc,US,2022-11-13 09:54:38,34.6391,-120.4579,48.0,89,0,6.91
26,Puerto Ayora,EC,2022-11-13 09:54:39,-0.7393,-90.3518,69.55,85,57,1.99
27,Castro,BR,2022-11-13 09:54:39,-24.7911,-50.0119,61.18,92,100,7.02
28,Vaini,TO,2022-11-13 09:54:40,-21.2,-175.2,76.86,84,100,22.79
29,Joacaba,BR,2022-11-13 09:54:40,-27.1781,-51.5047,67.32,85,100,8.12
30,Barrow,US,2022-11-13 09:54:41,71.2906,-156.7887,21.34,84,100,14.92
31,Hami,CN,2022-11-13 09:54:41,42.8,93.45,42.19,33,0,5.91
32,Avarua,CK,2022-11-13 09:54:41,-21.2078,-159.775,71.65,78,98,4.61
33,Khatanga,RU,2022-11-13 09:54:42,71.9667,102.5,-22.54,98,100,7.76
34,Mattawa,US,2022-11-13 09:54:42,46.7379,-119.9028,29.01,79,7,2.3
35,Yellowknife,CA,2022-11-13 09:54:37,62.456,-114.3525,27.12,100,100,23.0
36,Pakxe,LA,2022-11-13 09:54:43,15.1167,105.7833,86.14,62,40,2.3
37,San Miguel El Alto,MX,2022-11-13 09:54:43,21.0167,-102.35,54.1,74,0,4.09
38,Kruisfontein,ZA,2022-11-13 09:54:44,-34.0033,24.7314,68.05,51,6,24.56
39,Vao,NC,2022-11-13 09:54:44,-22.6667,167.4833,73.15,83,100,18.79
40,Jiujiang,CN,2022-11-13 09:54:45,29.7333,115.9833,59.68,63,89,16.08
41,Lagoa,PT,2022-11-13 09:54:45,39.05,-27.9833,60.58,65,100,20.02
42,Airai,TL,2022-11-13 09:54:45,-8.9266,125.4092,64.99,92,98,2.55
43,Nikolskoye,RU,2022-11-13 09:54:46,59.7035,30.7861,44.49,71,100,9.01
44,Longyearbyen,SJ,2022-11-13 09:54:46,78.2186,15.6401,31.84,80,75,17.27
45,Albany,US,2022-11-13 09:50:46,42.6001,-73.9662,45.39,76,100,3.0
46,New Norfolk,AU,2022-11-13 09:54:47,-42.7826,147.0587,54.91,83,100,2.24
47,Deputatskiy,RU,2022-11-13 09:55:47,69.3,139.9,-24.79,100,97,1.59
48,Tasiilaq,GL,2022-11-13 09:55:48,65.6145,-37.6368,33.53,74,100,22.46
49,Bluff,NZ,2022-11-13 09:55:48,-46.6,168.3333,48.27,69,61,9.86
50,Mahebourg,MU,2022-11-13 09:55:48,-20.4081,57.7,80.89,57,20,6.91
51,Port Elizabeth,ZA,2022-11-13 09:55:49,-33.918,25.5701,71.89,67,20,28.77
52,Mar Del Plata,AR,2022-11-13 09:55:49,-38.0023,-57.5575,66.09,95,57,5.01
53,Busselton,AU,2022-11-13 09:55:50,-33.65,115.3333,62.11,53,2,19.93
54,Corowa,AU,2022-11-13 09:55:50,-36.0333,146.3833,60.58,96,99,2.15
55,Shache,CN,2022-11-13 09:55:51,38.4167,77.2406,50.14,22,81,4.9
56,Rawson,AR,2022-11-13 09:55:51,-43.3002,-65.1023,56.37,86,92,14.0
57,Jamestown,US,2022-11-13 09:55:25,42.097,-79.2353,36.01,80,100,11.5
58,San Felipe,VE,2022-11-13 09:55:52,10.3399,-68.7425,71.46,99,100,1.28
59,Saskylakh,RU,2022-11-13 09:55:52,71.9167,114.0833,-7.85,97,100,14.29
60,Georgetown,MY,2022-11-13 09:55:53,5.4112,100.3354,85.95,81,20,9.22
61,Mayo,US,2022-11-13 09:55:45,38.8876,-76.5119,48.97,70,100,14.97
62,Kaitangata,NZ,2022-11-13 09:55:53,-46.2817,169.8464,46.18,84,91,3.36
63,Punta Arenas,CL,2022-11-13 09:51:55,-53.15,-70.9167,46.74,68,73,7.36
64,Namatanai,PG,2022-11-13 09:55:54,-3.6667,152.4333,79.93,85,92,9.19
65,Butaritari,KI,2022-11-13 09:55:54,3.0707,172.7902,80.13,72,92,11.99
66,Carnarvon,AU,2022-11-13 09:55:55,-24.8667,113.6333,73.47,56,0,24.16
67,Kavieng,PG,2022-11-13 09:55:55,-2.5744,150.7967,82.06,81,99,16.35
68,Verkhnyaya Inta,RU,2022-11-13 09:55:56,65.9811,60.3094,16.34,93,100,2.21
69,Pangnirtung,CA,2022-11-13 09:55:56,66.1451,-65.7125,0.3,78,100,5.86
70,Torbay,CA,2022-11-13 09:55:57,47.6666,-52.7314,38.75,94,100,28.77
71,Ndola,ZM,2022-11-13 09:55:57,-12.9587,28.6366,70.56,78,100,1.99
72,Sai Buri,TH,2022-11-13 09:55:58,6.7013,101.6168,82.11,82,95,6.4
73,Port Alfred,ZA,2022-11-13 09:55:58,-33.5906,26.891,70.18,76,21,11.99
74,Sitka,US,2022-11-13 09:55:58,57.0531,-135.33,45.16,99,100,7.29
75,Cam Ranh,VN,2022-11-13 09:55:59,11.9214,109.1591,82.36,83,20,5.75
76,Namibe,AO,2022-11-13 09:55:59,-15.1961,12.1522,76.23,49,40,9.57
77,Faya,SA,2022-11-13 09:56:00,18.3851,42.4509,73.51,39,1,2.93
78,Amarante Do Maranhao,BR,2022-11-13 09:56:00,-5.5667,-46.7422,74.08,84,10,2.42
79,Bredasdorp,ZA,2022-11-13 09:56:00,-34.5322,20.0403,74.43,35,4,16.11
80,Hilo,US,2022-11-13 09:56:01,19.7297,-155.09,70.25,89,3,1.99
81,Ikoma,JP,2022-11-13 09:56:01,34.6833,135.7,65.07,94,75,2.3
82,Hobyo,SO,2022-11-13 09:56:02,5.3505,48.5268,84.25,60,17,18.39
83,Comodoro Rivadavia,AR,2022-11-13 09:56:02,-45.8667,-67.5,44.46,93,75,3.44
84,Wabana,CA,2022-11-13 09:56:03,47.6332,-52.9481,38.55,94,100,28.77
85,Talaya,RU,2022-11-13 09:56:03,61.3833,152.75,-27.81,98,46,3.13
86,Dongsheng,CN,2022-11-13 09:56:04,39.8161,109.9776,35.04,44,81,9.55
87,Camacha,PT,2022-11-13 09:56:04,33.0833,-16.3333,67.42,78,20,5.75
88,Maldonado,UY,2022-11-13 09:52:00,-34.6667,-54.9167,65.59,85,100,9.8
89,Mangan,IN,2022-11-13 09:56:05,27.5167,88.5333,67.3,69,57,3.91
90,Tabuk,PH,2022-11-13 09:56:05,17.4189,121.4443,77.52,88,23,4.65
91,Ponta Do Sol,PT,2022-11-13 09:56:06,32.6667,-17.1,72.23,86,100,0.6
92,Leningradskiy,RU,2022-11-13 09:57:06,69.3833,178.4167,0.59,96,98,6.51
93,Mataura,NZ,2022-11-13 09:57:06,-46.1927,168.8643,46.69,98,100,2.46
94,Havre,FR,2022-11-13 09:57:07,49.5833,0.3333,50.4,100,100,11.5
95,Svetlogorsk,BY,2022-11-13 09:57:07,52.6333,29.7333,52.05,67,20,12.73
96,Sayyan,YE,2022-11-13 09:57:08,15.1718,44.3244,67.8,15,0,4.52
97,Adrar,MR,2022-11-13 09:57:08,20.5022,-10.0711,78.24,12,62,15.64
98,Lincoln,US,2022-11-13 09:57:08,40.8,-96.667,15.03,88,5,1.99
99,Hokitika,NZ,2022-11-13 09:57:09,-42.7167,170.9667,54.79,89,19,2.26
100,Mayumba,GA,2022-11-13 09:57:09,-3.432,10.6554,80.62,75,85,9.95
101,Vila Franca Do Campo,PT,2022-11-13 09:57:10,37.7167,-25.4333,61.21,67,100,9.44
102,Dondaicha,IN,2022-11-13 09:57:10,21.3333,74.5667,88.41,25,20,7.23
103,Lodja,CD,2022-11-13 09:57:10,-3.4833,23.4333,82.17,64,96,0.83
104,Katsuura,JP,2022-11-13 09:57:11,35.1333,140.3,69.71,88,100,22.28
105,Victoria,HK,2022-11-13 09:52:19,22.2855,114.1577,84.18,78,13,5.99
106,Serenje,ZM,2022-11-13 09:57:12,-13.2325,30.2352,75.34,57,94,3.47
107,San Jose,US,2022-11-13 09:56:49,37.3394,-121.895,51.85,86,100,3.44
108,Biak,ID,2022-11-13 09:57:12,-0.9131,122.8766,79.65,80,51,1.25
109,Moerai,PF,2022-11-13 09:57:13,-22.4333,-151.3333,69.19,68,35,8.3
110,Ciudad Bolivar,VE,2022-11-13 09:57:13,8.1222,-63.5497,75.31,92,99,5.82
111,Mogadishu,SO,2022-11-13 09:52:34,2.0371,45.3438,85.87,74,20,11.5
112,Providencia,MX,2022-11-13 09:57:14,28.7167,-111.5833,59.47,60,4,1.88
113,Cabo San Lucas,MX,2022-11-13 09:55:11,22.8909,-109.9124,72.52,74,20,5.53
114,Narsaq,GL,2022-11-13 09:57:14,60.9167,-46.05,26.38,97,100,1.32
115,Bambous Virieux,MU,2022-11-13 09:57:15,-20.3428,57.7575,80.85,57,20,6.91
116,Dikson,RU,2022-11-13 09:57:15,73.5069,80.5464,-8.7,99,49,5.3
117,Mildura,AU,2022-11-13 09:57:15,-34.2,142.15,60.76,67,75,19.57
118,Alyangula,AU,2022-11-13 09:57:16,-13.8483,136.4192,84.65,71,91,14.52
119,Clyde River,CA,2022-11-13 09:57:16,70.4692,-68.5914,-7.37,77,100,5.75
120,Naze,JP,2022-11-13 09:57:17,28.3667,129.4833,70.72,85,42,12.62
121,East London,ZA,2022-11-13 09:57:17,-33.0153,27.9116,70.74,68,20,14.97
122,Mahanoro,MG,2022-11-13 09:57:18,-19.9,48.8,81.39,59,1,9.98
123,Manavalakurichi,IN,2022-11-13 09:57:18,8.1333,77.3,83.77,72,58,7.25
124,Lebu,CL,2022-11-13 09:57:18,-37.6167,-73.65,53.42,89,31,11.92
125,Ixtapa,MX,2022-11-13 09:57:19,20.7,-105.2,72.23,85,7,3.02
126,Paredon,MX,2022-11-13 09:57:20,16.0333,-93.8667,77.0,74,48,8.03
127,Taltal,CL,2022-11-13 09:57:20,-25.4,-70.4833,58.14,79,0,4.68
128,Newport,GB,2022-11-13 09:57:20,51.5877,-2.9984,58.08,90,0,5.79
129,Myitkyina,MM,2022-11-13 09:57:21,25.3833,97.4,76.06,60,0,1.01
130,Sola,VU,2022-11-13 09:57:21,-13.8833,167.55,77.67,94,75,0.0
131,Hakodate,JP,2022-11-13 09:57:22,41.7758,140.7367,52.11,87,75,16.11
132,Linxia,CN,2022-11-13 09:57:22,35.6003,103.2064,38.97,58,100,6.46
133,Sao Filipe,CV,2022-11-13 09:57:23,14.8961,-24.4956,76.82,73,57,6.82
134,Caravelas,BR,2022-11-13 09:57:23,-17.7125,-39.2481,78.28,75,91,5.75
135,Bose,IT,2022-11-13 09:57:23,45.4612,8.0137,58.28,64,100,7.11
136,Kyshtovka,RU,2022-11-13 09:57:24,56.555,76.6271,32.63,99,100,8.19
137,Miles City,US,2022-11-13 09:57:24,46.4083,-105.8406,17.8,91,100,5.14
138,Bambanglipuro,ID,2022-11-13 09:58:25,-7.95,110.2833,76.84,94,100,4.65
139,Uyuni,BO,2022-11-13 09:58:25,-20.4597,-66.825,31.55,28,0,15.1
140,Aransas Pass,US,2022-11-13 09:58:26,27.9095,-97.15,52.99,66,0,17.27
141,Tiksi,RU,2022-11-13 09:58:26,71.6872,128.8694,-19.84,100,100,1.14
142,Kushmurun,KZ,2022-11-13 09:58:26,52.4503,64.6311,34.84,97,100,30.62
143,Kismayo,SO,2022-11-13 09:58:27,-0.3582,42.5454,83.77,65,9,11.68
144,Hirara,JP,2022-11-13 09:58:27,24.8,125.2833,77.27,83,20,16.11
145,Zeya,RU,2022-11-13 09:58:28,53.75,127.2667,10.36,94,22,4.21
146,Nouadhibou,MR,2022-11-13 09:58:28,20.931,-17.0347,67.98,94,1,10.36
147,Katobu,ID,2022-11-13 09:58:28,-4.9408,122.5276,77.99,90,100,3.15
148,Werda,BW,2022-11-13 09:58:29,-25.2667,23.2833,80.53,44,1,8.52
149,Amboasary,MG,2022-11-13 09:58:29,-25.0333,46.3833,86.47,50,33,16.08
150,Baykit,RU,2022-11-13 09:58:30,61.67,96.37,8.56,94,100,6.58
151,Hibbing,US,2022-11-13 09:55:32,47.4272,-92.9377,19.0,96,66,3.49
152,Hamadan,IR,2022-11-13 09:58:30,34.7992,48.5146,50.88,46,20,2.3
153,Pitimbu,BR,2022-11-13 09:58:31,-7.4706,-34.8086,77.59,75,13,7.09
154,Isangel,VU,2022-11-13 09:58:31,-19.55,169.2667,77.63,83,66,5.06
155,Bocas Del Toro,PA,2022-11-13 09:58:32,9.3333,-82.25,77.13,84,89,6.6
156,Gao,ML,2022-11-13 09:58:32,16.6362,1.637,88.5,15,10,17.07
157,Kutum,SD,2022-11-13 09:58:33,14.2,24.6667,78.57,17,1,8.7
158,Mount Gambier,AU,2022-11-13 09:58:33,-37.8333,140.7667,54.0,96,8,4.41
159,Hithadhoo,MV,2022-11-13 09:58:34,-0.6,73.0833,81.88,76,100,14.61
160,Abalak,RU,2022-11-13 09:58:34,58.1286,68.5944,32.04,96,100,8.84
161,Chokurdakh,RU,2022-11-13 09:58:34,70.6333,147.9167,-30.41,100,84,5.97
162,Mount Isa,AU,2022-11-13 09:58:35,-20.7333,139.5,76.77,94,40,8.05
163,Nouakchott,MR,2022-11-13 09:58:35,18.0858,-15.9785,73.33,27,13,10.69
164,Qaanaaq,GL,2022-11-13 09:58:36,77.484,-69.3632,6.01,77,99,1.21
165,Anito,PH,2022-11-13 09:58:36,12.4497,125.2886,80.08,85,66,6.38
166,Gogrial,SS,2022-11-13 09:58:36,8.5332,28.1004,92.14,16,100,6.24
167,Kieta,PG,2022-11-13 09:58:37,-6.2167,155.6333,79.39,83,88,2.24
168,Sisimiut,GL,2022-11-13 09:58:37,66.9395,-53.6735,20.97,82,100,5.55
169,Ramona,US,2022-11-13 09:57:22,33.0417,-116.8681,49.86,82,0,3.06
170,Dracena,BR,2022-11-13 09:58:38,-21.4843,-51.535,71.19,80,95,9.01
171,Half Moon Bay,US,2022-11-13 09:58:38,37.4636,-122.4286,51.91,88,75,0.0
172,Ilulissat,GL,2022-11-13 09:58:39,69.2167,-51.1,30.49,63,100,12.84
173,Neuquen,AR,2022-11-13 09:56:47,-38.9516,-68.0591,49.89,100,75,5.75
174,Disna,BY,2022-11-13 09:58:39,55.568,28.1971,48.29,68,14,12.95
175,Port Lincoln,AU,2022-11-13 09:58:40,-34.7333,135.8667,56.43,82,97,28.88
176,Guerrero Negro,MX,2022-11-13 09:58:40,27.9769,-114.0611,60.84,68,4,10.56
177,Awjilah,LY,2022-11-13 09:58:41,29.1081,21.2869,72.1,37,47,3.0
178,Vardo,NO,2022-11-13 09:58:41,70.3705,31.1107,31.98,86,40,8.05
179,Tlacotepec,MX,2022-11-13 09:58:41,20.0667,-97.8667,55.69,99,100,1.52
180,Raudeberg,NO,2022-11-13 09:58:42,61.9875,5.1352,52.47,1,83,8.68
181,Marawi,PH,2022-11-13 09:58:42,7.9986,124.2928,70.92,97,100,2.48
182,Vestmannaeyjar,IS,2022-11-13 09:58:43,63.4427,-20.2734,49.19,87,75,40.29
183,Karratha,AU,2022-11-13 09:59:43,-20.7377,116.8463,80.35,54,0,10.27
184,Emba,KZ,2022-11-13 09:59:43,48.8264,58.1442,38.53,96,100,26.53
185,Kapaa,US,2022-11-13 09:59:44,22.0752,-159.319,73.09,86,37,1.01
186,Cascais,PT,2022-11-13 09:59:44,38.6979,-9.4215,64.98,100,75,8.99
187,Hualmay,PE,2022-11-13 09:59:45,-11.0964,-77.6139,61.75,89,47,5.08
188,Faanui,PF,2022-11-13 09:59:45,-16.4833,-151.75,72.91,89,100,3.53
189,Cockburn Town,TC,2022-11-13 09:59:46,21.4612,-71.1419,81.0,74,52,11.54
190,Abu Samrah,SY,2022-11-13 09:59:46,35.3029,37.1841,70.14,35,0,5.5
191,Liwale,TZ,2022-11-13 09:59:46,-9.7667,37.9333,94.15,22,6,5.77
192,Laguna,US,2022-11-13 09:59:47,38.421,-121.4238,47.05,85,0,5.75
193,Samarai,PG,2022-11-13 09:59:47,-10.6167,150.6667,82.17,74,68,10.27
194,Beringovskiy,RU,2022-11-13 09:59:48,63.05,179.3167,9.68,98,100,4.7
195,Olean,US,2022-11-13 09:59:26,42.0776,-78.4297,37.98,100,100,0.0
196,Garden City,US,2022-11-13 09:59:48,42.3256,-83.331,35.82,87,26,1.99
197,Lewisporte,CA,2022-11-13 09:59:49,49.2499,-55.0482,31.71,87,100,11.81
198,Pauini,BR,2022-11-13 09:59:49,-7.7136,-66.9764,71.91,89,47,2.28
199,Beian,NO,2022-11-13 09:59:49,63.6559,9.5683,48.0,87,75,11.5
200,Huejucar,MX,2022-11-13 09:59:50,22.35,-103.2167,52.32,44,0,2.3
201,Port Augusta,AU,2022-11-13 09:59:50,-32.5,137.7667,65.62,54,39,24.11
202,Santiago Del Estero,AR,2022-11-13 09:59:51,-27.7951,-64.2615,68.22,92,84,9.73
203,Aklavik,CA,2022-11-13 09:59:51,68.2191,-135.0107,-1.3,98,46,3.53
204,Kahului,US,2022-11-13 09:57:54,20.8947,-156.47,73.85,93,12,8.01
205,Belgaum,IN,2022-11-13 09:59:52,15.8667,74.5,82.31,47,40,11.5
206,Norman Wells,CA,2022-11-13 09:59:52,65.282,-126.8329,17.64,86,40,5.75
207,Iqaluit,CA,2022-11-13 09:59:53,63.7506,-68.5145,15.53,85,100,5.75
208,Omaha,US,2022-11-13 09:55:03,41.2586,-95.9378,18.45,87,0,3.44
209,Tual,ID,2022-11-13 09:59:53,-5.6667,132.75,84.72,69,100,7.27
210,Ketchikan,US,2022-11-13 09:59:54,55.3422,-131.6461,39.87,98,100,8.19
211,High Level,CA,2022-11-13 09:59:54,58.5169,-117.136,21.31,100,100,5.75
212,Esperance,AU,2022-11-13 09:59:54,-33.8667,121.9,56.68,63,97,13.49
213,Geraldton,AU,2022-11-13 09:59:55,-28.7667,114.6,68.41,68,80,25.32
214,Upernavik,GL,2022-11-13 09:59:55,72.7868,-56.1549,16.57,72,100,10.74
215,Launceston,AU,2022-11-13 09:59:56,-41.45,147.1667,57.61,89,100,8.05
216,Hondo,JP,2022-11-13 09:59:56,32.45,130.2,63.57,73,39,19.86
217,Margate,GB,2022-11-13 09:59:57,51.3813,1.3862,56.3,97,99,3.0
218,Cidreira,BR,2022-11-13 09:59:57,-30.1811,-50.2056,68.99,88,64,19.55
219,Atar,MR,2022-11-13 09:59:58,20.5169,-13.0499,85.06,9,98,12.03
220,Alofi,NU,2022-11-13 09:59:58,-19.0595,-169.9187,73.29,88,19,9.22
221,Mangai,CD,2022-11-13 09:59:59,-4.05,19.5333,78.91,82,96,1.66
222,Provideniya,RU,2022-11-13 09:59:59,64.3833,-173.3,12.0,71,8,4.45
223,Montepuez,MZ,2022-11-13 09:59:59,-13.1256,38.9997,96.35,19,0,6.15
224,Awbari,LY,2022-11-13 10:00:00,26.5921,12.7805,68.97,26,76,5.88
225,Makakilo City,US,2022-11-13 10:00:00,21.3469,-158.0858,73.69,82,40,6.91
226,Pegnitz,DE,2022-11-13 10:00:01,49.7564,11.545,55.42,55,16,12.01
227,Fortuna,US,2022-11-13 10:00:01,40.5982,-124.1573,40.93,68,40,6.91
228,Najran,SA,2022-11-13 09:58:26,17.4924,44.1277,77.65,21,0,11.77
229,Okhotsk,RU,2022-11-13 09:59:10,59.3833,143.3,5.68,68,63,7.61
230,Izazi,TZ,2022-11-13 10:01:02,-7.2,35.7333,94.41,24,63,7.63
231,Vagur,FO,2022-11-13 10:01:03,61.4732,-6.8119,49.78,90,100,15.84
232,Mocuba,MZ,2022-11-13 10:01:03,-16.8392,36.9856,103.26,23,13,3.78
233,Inhambane,MZ,2022-11-13 10:01:04,-23.865,35.3833,86.59,61,86,13.04
234,Oudtshoorn,ZA,2022-11-13 10:01:04,-33.5907,22.2014,71.64,38,69,9.46
235,Havre-Saint-Pierre,CA,2022-11-13 10:01:05,50.2334,-63.5986,23.36,63,100,13.8
236,Sao Joao Da Barra,BR,2022-11-13 10:01:05,-21.6403,-41.0511,73.49,90,79,4.5
237,Pombas,CV,2022-11-13 10:01:05,17.1503,-25.0201,73.45,71,15,11.61
238,Arraial Do Cabo,BR,2022-11-13 10:01:06,-22.9661,-42.0278,71.82,87,52,6.31
239,Santa Maria,BR,2022-11-13 10:01:06,-29.6842,-53.8069,67.77,94,100,3.29
240,Beloha,MG,2022-11-13 10:01:07,-25.1667,45.05,89.38,41,80,14.23
241,Robe,AU,2022-11-13 10:01:07,-37.1833,139.75,59.58,81,0,13.47
242,Korla,CN,2022-11-13 10:00:30,41.7597,86.1469,45.61,32,0,6.62
243,Vilyuysk,RU,2022-11-13 10:01:08,63.7553,121.6247,-13.67,95,33,7.02
244,Westport,US,2022-11-13 10:00:48,41.1415,-73.3579,55.81,77,100,1.99
245,Bud,US,2022-11-13 10:01:08,39.447,-86.1758,32.02,93,10,6.87
246,Harbin,CN,2022-11-13 09:57:43,45.75,126.65,24.75,32,0,4.12
247,Agudos,BR,2022-11-13 09:59:53,-22.4692,-48.9875,68.14,79,0,6.91
248,Kodiak,US,2022-11-13 10:01:09,57.79,-152.4072,37.89,87,100,9.75
249,Husavik,IS,2022-11-13 10:01:10,66.0449,-17.3389,37.4,81,66,10.83
250,Darhan,MN,2022-11-13 10:01:10,49.4867,105.9228,25.66,41,10,4.59
251,Preobrazheniye,RU,2022-11-13 10:01:11,42.9019,133.9064,32.14,71,3,9.22
252,Kavaratti,IN,2022-11-13 10:01:11,10.5669,72.642,79.43,80,100,7.74
253,Cayenne,GF,2022-11-13 10:00:05,4.9333,-52.3333,71.64,100,100,0.0
254,Acaponeta,MX,2022-11-13 10:01:12,22.4964,-105.3594,65.44,88,2,3.04
255,Thinadhoo,MV,2022-11-13 10:01:13,0.5333,72.9333,81.93,75,93,15.5
256,Vila,PT,2022-11-13 10:01:14,42.0304,-8.1588,52.68,90,15,5.68
257,Ponta Delgada,PT,2022-11-13 10:00:32,37.7333,-25.6667,61.52,63,20,8.05
258,Port-Gentil,GA,2022-11-13 10:01:14,-0.7193,8.7815,84.16,74,40,11.5
259,Kisangani,CD,2022-11-13 10:01:15,0.5167,25.2,76.06,78,100,3.83
260,Acajutla,SV,2022-11-13 10:01:15,13.5928,-89.8275,75.51,84,13,5.1
261,Dingle,PH,2022-11-13 10:01:15,10.9995,122.6711,78.39,89,100,7.11
262,Berea,US,2022-11-13 10:01:16,41.3662,-81.8543,35.6,84,83,5.99
263,Fuyang,CN,2022-11-13 10:01:16,32.9,115.8167,46.44,72,100,5.75
264,Dauphin,CA,2022-11-13 09:56:30,51.1494,-100.0502,12.34,85,100,4.61
265,Tuatapere,NZ,2022-11-13 10:01:17,-46.1333,167.6833,47.61,94,100,3.65
266,Gobabis,NA,2022-11-13 10:01:18,-22.45,18.9667,77.07,19,0,11.99
267,Ust-Charyshskaya Pristan,RU,2022-11-13 10:01:18,52.3934,83.6635,37.04,78,100,25.08
268,Cabedelo,BR,2022-11-13 10:01:19,-6.9811,-34.8339,79.7,74,7,7.23
269,Yurginskoye,RU,2022-11-13 10:01:19,56.8189,67.3921,33.26,99,100,8.75
270,Cherskiy,RU,2022-11-13 10:01:20,68.75,161.3,-25.31,100,97,5.41
271,Babushkin,RU,2022-11-13 10:01:21,51.7122,105.8647,25.77,74,6,7.43
272,Puri,IN,2022-11-13 10:01:21,19.8,85.85,84.72,45,9,8.68
273,Manadhoo,MV,2022-11-13 10:02:22,5.7667,73.3833,81.14,77,36,11.23
274,Reconquista,AR,2022-11-13 10:02:22,-29.15,-59.65,71.62,78,0,9.22
275,Mailsi,PK,2022-11-13 10:02:23,29.8003,72.1758,86.0,20,100,4.38
276,Severo-Kurilsk,RU,2022-11-13 10:02:23,50.6789,156.125,33.58,59,99,12.95
277,Canby,US,2022-11-13 10:00:22,45.2629,-122.6926,40.3,82,0,0.0
278,Paciran,ID,2022-11-13 10:02:24,-6.8767,112.3761,83.52,73,99,3.78
279,Yebaishou,CN,2022-11-13 10:02:24,41.3975,119.6408,32.58,40,0,3.36
280,Sorong,ID,2022-11-13 10:02:24,-0.8833,131.25,83.44,74,94,3.51
281,Goderich,CA,2022-11-13 10:02:25,43.7501,-81.7165,35.91,83,100,15.46
282,Fruitvale,US,2022-11-13 10:02:25,39.0817,-108.4968,33.03,80,0,3.44
283,Cabinda,AO,2022-11-13 10:00:28,-5.55,12.2,80.91,68,77,8.68
284,Salalah,OM,2022-11-13 10:00:15,17.0151,54.0924,83.93,48,0,11.18
285,Hambantota,LK,2022-11-13 10:02:26,6.1241,81.1185,86.34,79,75,4.61
286,Rognan,NO,2022-11-13 10:02:26,67.0953,15.3878,46.89,95,100,6.22
287,Porto Murtinho,BR,2022-11-13 10:02:27,-21.6989,-57.8825,77.68,65,64,11.12
288,Pervomayskoye,RU,2022-11-13 10:02:27,43.919,46.7102,60.94,39,64,23.09
289,Gigmoto,PH,2022-11-13 10:02:28,13.7796,124.39,80.87,86,69,8.39
290,Sturgis,US,2022-11-13 10:02:28,41.7992,-85.4192,32.25,93,100,3.44
291,Oussouye,SN,2022-11-13 10:02:29,12.485,-16.5469,83.73,47,100,1.3
292,Ostrovnoy,RU,2022-11-13 10:02:29,68.0531,39.5131,34.74,66,100,19.75
293,Quang Ngai,VN,2022-11-13 10:02:29,15.1167,108.8,77.95,86,58,3.33
294,Oistins,BB,2022-11-13 10:02:30,13.0667,-59.5333,79.63,81,4,15.75
295,Pasighat,IN,2022-11-13 10:00:53,28.0667,95.3333,72.12,68,57,1.14
296,Kalianget,ID,2022-11-13 10:02:30,-7.05,113.9333,83.48,73,100,4.97
297,Boddam,GB,2022-11-13 10:02:31,57.4667,-1.7833,53.49,93,5,19.3
298,Garowe,SO,2022-11-13 10:02:31,8.4054,48.4845,89.13,28,84,9.6
299,Cubuk,TR,2022-11-13 10:02:32,40.2386,33.0322,55.0,44,0,0.0
300,Udachnyy,RU,2022-11-13 10:02:32,66.4167,112.4,-16.64,97,99,7.94
301,Anadyr,RU,2022-11-13 10:01:12,64.75,177.4833,-9.0,83,100,5.91
302,Jodhpur,IN,2022-11-13 09:59:04,26.2867,73.03,86.81,17,29,2.13
303,Liku,ID,2022-11-13 10:02:33,-0.7275,119.8922,78.94,87,99,2.35
304,Windsor,CA,2022-11-13 10:00:48,42.3001,-83.0165,35.89,87,38,4.0
305,Tateyama,JP,2022-11-13 10:02:33,34.9833,139.8667,71.1,89,100,21.5
306,Kudahuvadhoo,MV,2022-11-13 10:02:34,2.6708,72.8944,81.86,77,61,16.46
307,Valera,VE,2022-11-13 10:02:34,9.3178,-70.6036,68.45,94,92,4.29
308,Paamiut,GL,2022-11-13 10:02:35,61.994,-49.6678,26.06,77,100,11.61
309,Gizo,SB,2022-11-13 10:02:35,-8.103,156.8419,81.95,76,100,4.52
310,Kyzyl-Suu,KG,2022-11-13 10:02:35,42.3414,78.0056,33.67,76,3,0.92
311,Havoysund,NO,2022-11-13 10:02:36,70.9963,24.6622,35.83,73,88,9.22
312,Fairbanks,US,2022-11-13 09:58:49,64.8378,-147.7164,19.09,92,40,0.0
313,Sabang,ID,2022-11-13 10:02:37,5.8933,95.3214,79.21,81,100,12.84
314,Sao Felix Do Xingu,BR,2022-11-13 10:02:37,-6.6447,-51.995,73.18,88,53,1.1
315,Klaksvik,FO,2022-11-13 10:02:38,62.2266,-6.589,52.72,93,100,15.66
316,Jurm,AF,2022-11-13 10:02:38,36.8648,70.8342,45.99,57,99,4.0
317,Kulachi,PK,2022-11-13 10:02:38,31.9286,70.4592,77.38,28,98,4.52
318,Omsukchan,RU,2022-11-13 10:02:39,62.5333,155.8,-12.06,95,98,3.18
319,Shkurinskaya,RU,2022-11-13 10:02:39,46.5858,39.3599,52.47,71,82,19.3
320,San Patricio,US,2022-11-13 10:03:40,28.017,-97.5169,53.46,55,2,9.84
321,Sechura,PE,2022-11-13 10:03:40,-5.5569,-80.8222,59.45,91,50,9.13
322,Lavumisa,SZ,2022-11-13 10:03:41,-27.31,31.892,71.89,95,100,2.35
323,Coahuayana,MX,2022-11-13 10:03:41,18.7333,-103.6833,70.99,93,6,2.68
324,Bandarbeyla,SO,2022-11-13 10:03:42,9.4942,50.8122,82.56,65,87,18.57
325,Ciudad Guayana,VE,2022-11-13 10:03:42,8.3533,-62.6528,72.3,98,97,2.93
326,Verkhnevilyuysk,RU,2022-11-13 10:03:42,63.4453,120.3167,-15.18,97,36,5.37
327,Vogan,TG,2022-11-13 10:03:43,6.3333,1.5333,84.49,68,100,7.0
328,Nevel,RU,2022-11-13 10:03:43,56.0209,29.9284,45.88,73,14,11.72
329,Padang,ID,2022-11-13 10:03:44,-0.9492,100.3543,78.85,95,100,3.29
330,Enshi,CN,2022-11-13 10:03:44,30.3,109.4833,52.43,96,100,3.56
331,Igarka,RU,2022-11-13 10:03:44,67.4667,86.5833,-20.11,94,12,6.49
332,Babu,CN,2022-11-13 10:03:45,24.4167,111.5167,76.32,51,0,6.24
333,Aksarka,RU,2022-11-13 10:03:45,66.5606,67.7975,-1.52,93,100,7.43
334,Strezhevoy,RU,2022-11-13 10:03:46,60.7333,77.5889,18.99,97,92,3.04
335,Kidal,ML,2022-11-13 10:03:46,18.4411,1.4078,85.26,13,64,22.79
336,Pevek,RU,2022-11-13 10:03:46,69.7008,170.3133,-4.09,98,100,3.69
337,Salinopolis,BR,2022-11-13 10:03:47,-0.6136,-47.3561,80.24,76,4,9.33
338,Ancud,CL,2022-11-13 10:03:47,-41.8697,-73.8203,50.88,94,100,8.14
339,Andres Bonifacio,PH,2022-11-13 10:03:48,10.9167,123.25,80.35,86,95,5.66
340,Ambalavao,MG,2022-11-13 10:03:48,-21.8333,46.9333,81.1,39,1,7.25
341,Lavrentiya,RU,2022-11-13 10:03:48,65.5833,-171.0,15.84,76,10,8.16
342,Borogontsy,RU,2022-11-13 10:03:49,62.6683,131.1683,-2.81,96,94,8.55
343,Sioux Lookout,CA,2022-11-13 10:00:44,50.1001,-91.917,4.44,99,79,2.82
344,Katangli,RU,2022-11-13 10:03:50,51.7102,143.2326,20.05,75,30,4.16
345,Mayya,RU,2022-11-13 10:03:50,61.7333,130.2811,2.52,100,60,3.02
346,Hofn,IS,2022-11-13 10:03:51,64.2539,-15.2082,45.75,91,100,18.9
347,San Angelo,US,2022-11-13 10:00:06,31.4638,-100.437,38.53,77,26,1.99
348,Chimore,BO,2022-11-13 10:03:51,-16.9833,-65.1333,72.54,89,84,0.54
349,Natal,BR,2022-11-13 10:03:53,-5.795,-35.2094,77.65,100,75,2.3
350,Danshui,CN,2022-11-13 10:03:53,22.7984,114.4672,77.88,75,31,6.89
351,Bilma,NE,2022-11-13 10:03:53,18.6853,12.9164,77.41,19,2,7.4
352,Bayan,CN,2022-11-13 10:03:54,46.0833,127.4,25.3,37,1,3.94
353,Omboue,GA,2022-11-13 10:03:54,-1.5746,9.2618,83.7,69,57,7.38
354,Yavaros,MX,2022-11-13 10:03:55,26.7,-109.5167,64.47,56,39,2.66
355,Constitucion,CL,2022-11-13 10:03:55,-35.3333,-72.4167,50.83,89,6,6.71
356,Talnakh,RU,2022-11-13 10:03:56,69.4865,88.3972,-24.36,88,26,5.17
357,Pemangkat,ID,2022-11-13 10:03:56,1.1667,108.9667,82.08,78,99,7.02
358,Hervey Bay,AU,2022-11-13 10:03:57,-25.2986,152.8535,73.0,72,2,14.05
359,Sept-Iles,CA,2022-11-13 10:03:57,50.2001,-66.3821,23.52,93,100,10.36
360,Hamilton,US,2022-11-13 10:03:58,39.1834,-84.5333,33.24,84,100,14.97
361,Taoudenni,ML,2022-11-13 10:03:58,22.6783,-3.9836,82.85,14,21,15.39
362,Santa Rosa,PH,2022-11-13 10:03:59,14.3122,121.1114,85.1,80,100,9.98
363,Nambucca Heads,AU,2022-11-13 10:03:59,-30.65,153.0,71.6,88,78,18.32
364,Puerto Escondido,MX,2022-11-13 10:04:00,15.85,-97.0667,76.55,86,6,3.74
365,Asau,RO,2022-11-13 10:04:00,46.4333,26.4,45.52,35,16,1.41
366,Zaysan,KZ,2022-11-13 10:05:01,47.4667,84.8667,40.26,47,99,6.93
367,Kelvington,CA,2022-11-13 10:05:01,52.1667,-103.5343,5.72,95,94,7.34
368,Maniitsoq,GL,2022-11-13 10:05:02,65.4167,-52.9,29.61,61,100,13.78
369,Sosnovo-Ozerskoye,RU,2022-11-13 10:05:02,52.5249,111.5418,15.96,81,17,6.76
370,Maceio,BR,2022-11-13 10:04:19,-9.6658,-35.7353,76.44,94,75,5.75
371,Batalha,BR,2022-11-13 10:05:03,-9.6778,-37.1247,77.81,76,19,7.07
372,Aswan,EG,2022-11-13 10:05:03,24.0934,32.907,84.16,29,2,9.13
373,Port Hardy,CA,2022-11-13 10:05:04,50.6996,-127.4199,41.18,100,100,3.44
374,Krasnyy Chikoy,RU,2022-11-13 10:05:04,50.3643,108.7512,9.93,94,10,1.41
375,Srednekolymsk,RU,2022-11-13 10:05:05,67.45,153.6833,-25.73,99,98,2.37
376,Grand Forks,US,2022-11-13 10:05:05,47.9417,-97.4337,17.33,79,100,0.0
377,Welkom,ZA,2022-11-13 10:05:06,-27.9864,26.7066,74.71,41,100,9.62
378,Palana,RU,2022-11-13 10:05:06,59.1167,159.9667,20.03,90,100,9.31
379,Longyan,CN,2022-11-13 10:05:07,25.1072,117.0225,72.88,61,1,0.74
380,Kumluca,TR,2022-11-13 10:05:07,36.3703,30.2869,72.23,34,1,6.38
381,Xai-Xai,MZ,2022-11-13 10:05:07,-25.0519,33.6442,92.77,44,97,4.25
382,Egvekinot,RU,2022-11-13 10:05:08,66.3167,-179.1667,-4.52,89,34,4.03
383,Roma,US,2022-11-13 10:05:08,43.2128,-75.4557,41.5,85,100,3.44
384,Nelson Bay,AU,2022-11-13 10:05:09,-32.7167,152.15,71.1,97,100,11.01
385,Ola,RU,2022-11-13 10:05:09,59.5833,151.2833,-1.57,91,32,7.27
386,Bathsheba,BB,2022-11-13 10:05:10,13.2167,-59.5167,77.61,88,40,5.75
387,Tura,IN,2022-11-13 10:05:10,25.5198,90.2201,72.66,70,0,3.33
388,Paita,PE,2022-11-13 10:05:11,-5.0892,-81.1144,59.32,93,65,11.36
389,Zwedru,LR,2022-11-13 10:05:11,6.0667,-8.1281,80.92,74,97,2.82
390,Panguna,PG,2022-11-13 10:05:12,-6.3164,155.4848,69.13,96,76,2.15
391,Ozerne,UA,2022-11-13 10:05:12,50.1782,28.7338,53.35,69,24,11.23
392,Concepcion Del Uruguay,AR,2022-11-13 10:05:13,-32.4825,-58.2372,69.98,87,100,1.99
393,Umm Lajj,SA,2022-11-13 10:05:13,25.0213,37.2685,82.62,50,0,9.1
394,Baruun-Urt,MN,2022-11-13 10:05:14,46.6806,113.2792,26.62,50,95,7.34
395,Oda,JP,2022-11-13 10:05:14,35.1833,132.5,57.16,84,100,17.78
396,Baijiantan,CN,2022-11-13 10:05:15,45.6333,85.1833,47.68,38,57,3.4
397,Quatre Cocos,MU,2022-11-13 10:05:15,-20.2078,57.7625,80.71,58,0,8.37
398,Yerbogachen,RU,2022-11-13 10:05:16,61.2767,108.0108,-3.17,91,100,5.86
399,Nagato,JP,2022-11-13 10:05:16,34.3833,131.2,60.46,86,100,23.2
400,Gazli,UZ,2022-11-13 10:05:17,40.1333,63.45,52.99,23,24,10.78
401,Vikhorevka,RU,2022-11-13 10:05:17,56.1201,101.1636,31.59,94,100,8.03
402,Progreso,MX,2022-11-13 10:00:48,21.2833,-89.6667,74.1,81,0,4.34
403,Mokrous,RU,2022-11-13 10:05:18,51.2333,47.5167,48.22,59,73,26.44
404,Zhanaozen,KZ,2022-11-13 10:05:18,43.3,52.8,53.51,60,77,27.92
405,Parangan,PH,2022-11-13 10:05:19,5.0839,119.9383,83.12,76,87,6.62
406,Obo,CF,2022-11-13 10:05:19,5.3998,26.4869,85.06,42,32,4.05
407,Kirakira,SB,2022-11-13 10:05:20,-10.4544,161.9205,79.7,82,78,2.3
408,Bac Lieu,VN,2022-11-13 10:04:00,9.285,105.7244,80.83,84,100,13.35
409,Yaan,NG,2022-11-13 10:05:20,7.3833,8.5667,89.33,44,7,4.27
410,Perth,AU,2022-11-13 10:05:21,-31.9333,115.8333,71.78,48,0,14.97
411,Candelaria,PH,2022-11-13 10:05:21,13.9311,121.4233,77.47,93,100,6.96
412,Trincomalee,LK,2022-11-13 10:06:21,8.5711,81.2335,81.14,76,88,7.11
413,Bethel,US,2022-11-13 10:06:22,41.3712,-73.414,52.16,84,100,4.61
414,Zhangye,CN,2022-11-13 10:06:22,38.9342,100.4517,37.35,34,89,2.55
415,Matay,EG,2022-11-13 10:06:23,28.419,30.7792,79.0,37,0,13.29
416,Domoni,KM,2022-11-13 10:06:23,-12.2569,44.5319,83.8,66,15,2.46
417,Coihaique,CL,2022-11-13 10:02:07,-45.5752,-72.0662,47.19,99,99,3.89
418,Chagoda,RU,2022-11-13 10:06:24,59.164,35.3285,39.83,76,94,14.47
419,Vrangel,RU,2022-11-13 10:06:24,42.7297,133.0839,33.17,64,0,15.86
420,Nizhniy Kuranakh,RU,2022-11-13 10:06:25,58.8353,125.4869,14.9,93,100,2.08
421,Edd,ER,2022-11-13 10:06:25,13.9297,41.6925,90.68,45,0,15.64
422,Albanel,CA,2022-11-13 10:06:25,48.8832,-72.4487,31.71,89,100,3.71
423,Teya,RU,2022-11-13 10:06:26,60.3778,92.6267,23.68,98,100,2.98
424,Talara,PE,2022-11-13 10:06:27,-4.5772,-81.2719,61.54,88,100,15.08
425,Surab,PK,2022-11-13 10:06:27,28.4914,66.2585,65.91,38,92,17.67
426,Fort Morgan,US,2022-11-13 10:06:28,40.2503,-103.8,26.02,58,0,6.91
427,Warwick,US,2022-11-13 10:06:28,41.7001,-71.4162,54.91,82,100,5.75
428,Albury,AU,2022-11-13 10:06:29,-36.0833,146.9167,61.02,100,75,5.75
429,Ulaangom,MN,2022-11-13 10:06:29,49.9811,92.0667,23.5,83,100,3.0
430,Mackay,AU,2022-11-13 10:06:29,-21.15,149.2,72.68,70,0,10.45
431,Viedma,AR,2022-11-13 10:06:30,-40.8135,-62.9967,54.27,82,77,0.78
432,Jalu,LY,2022-11-13 10:06:30,29.0331,21.5482,72.5,35,36,4.23
433,Kyrylivka,UA,2022-11-13 10:06:31,46.3759,35.3675,53.44,69,5,15.84
434,Dawei,MM,2022-11-13 10:06:31,14.0833,98.2,83.52,70,97,6.17
435,Sampit,ID,2022-11-13 10:06:31,-2.5333,112.95,79.81,88,100,3.89
436,Kaseda,JP,2022-11-13 10:06:32,31.4167,130.3167,66.02,80,92,22.26
437,Tigzirt,DZ,2022-11-13 10:06:32,36.8886,4.1198,72.25,44,0,2.04
438,Arlit,NE,2022-11-13 10:06:33,18.7369,7.3853,81.99,17,25,4.32
439,Mentor,US,2022-11-13 10:05:34,41.6662,-81.3395,37.0,90,100,16.11
440,Saint George,US,2022-11-13 10:06:33,37.1041,-113.5841,39.25,57,0,1.99
441,Rorvik,NO,2022-11-13 10:06:34,64.8621,11.2373,42.91,93,100,3.44
442,Abeche,TD,2022-11-13 10:06:34,13.8292,20.8324,90.77,15,24,11.27
443,Pacific Grove,US,2022-11-13 10:06:35,36.6177,-121.9166,48.81,86,40,1.01
444,Loding,NO,2022-11-13 10:06:35,67.3,14.75,46.65,92,75,19.57
445,Digras,IN,2022-11-13 10:06:35,20.1167,77.7167,82.87,36,60,7.67
446,Pytalovo,RU,2022-11-13 10:06:36,57.0679,27.9138,46.85,70,36,10.76
447,Noumea,NC,2022-11-13 10:02:31,-22.2763,166.4572,71.58,82,100,11.32
448,Barkly West,ZA,2022-11-13 10:06:37,-28.5354,24.5215,76.69,22,0,13.51
449,Jadu,LY,2022-11-13 10:06:37,31.953,12.0261,66.47,37,0,6.24
450,Nicolas Bravo,MX,2022-11-13 10:06:37,18.45,-88.9167,69.15,99,28,1.63
451,Saint Anthony,US,2022-11-13 10:06:38,45.0205,-93.218,26.65,68,100,6.91
452,Grinnell,US,2022-11-13 10:06:39,41.743,-92.7224,28.38,72,100,8.05
453,Mutis,CO,2022-11-13 10:06:39,6.2262,-77.4044,74.88,93,100,6.42
454,Nogliki,RU,2022-11-13 10:06:40,51.8333,143.1667,20.7,74,22,3.89
455,Alice Town,BS,2022-11-13 10:06:40,25.7167,-79.3,79.43,72,1,7.94
456,Broome,US,2022-11-13 10:06:41,42.2506,-75.833,41.63,89,100,8.05
457,Shimoda,JP,2022-11-13 10:07:41,34.6667,138.95,65.1,93,100,11.81
458,West Wendover,US,2022-11-13 10:07:42,40.7391,-114.0733,24.01,86,0,3.44
459,Aktash,RU,2022-11-13 10:07:42,50.3,87.7333,16.97,79,100,4.88
460,Kupino,RU,2022-11-13 10:07:43,54.3663,77.2981,33.8,98,100,19.51
461,Bernalillo,US,2022-11-13 10:07:43,35.05,-106.6673,43.97,48,0,3.44
462,Ossora,RU,2022-11-13 10:07:43,59.2353,163.0719,27.19,96,100,7.54
463,Bairiki,KI,2022-11-13 10:07:44,1.3292,172.9752,80.6,78,20,5.75
464,Jaguarari,BR,2022-11-13 10:07:44,-10.2639,-40.1958,69.76,84,72,8.79
465,Rafaela,AR,2022-11-13 10:07:45,-31.2503,-61.4867,63.0,76,100,5.01
466,Uhlove,UA,2022-11-13 10:07:45,44.8215,33.6045,61.02,64,1,8.81
467,Jumla,NP,2022-11-13 10:07:45,29.2747,82.1838,57.07,28,6,5.93
468,Pershotravneve,UA,2022-11-13 10:07:46,51.3929,28.8684,53.38,74,11,10.67
469,Moose Factory,CA,2022-11-13 10:07:46,51.2585,-80.6094,24.78,93,100,8.05
470,Sinnamary,GF,2022-11-13 10:07:47,5.3833,-52.95,76.82,90,99,7.58
471,Chicama,PE,2022-11-13 10:07:47,-7.8447,-79.1469,59.54,89,60,2.68
472,Tezu,IN,2022-11-13 10:07:48,27.9167,96.1667,71.13,60,41,1.19
473,Urumqi,CN,2022-11-13 10:07:48,43.801,87.6005,43.75,46,0,4.47
474,Monte Alegre,BR,2022-11-13 10:07:49,-2.0078,-54.0692,75.85,80,77,5.01
475,Caucaia,BR,2022-11-13 10:07:49,-3.7361,-38.6531,82.35,75,75,10.36
476,Bundaberg,AU,2022-11-13 10:07:49,-24.85,152.35,73.22,84,0,1.99
477,Jay,US,2022-11-13 10:07:50,44.5039,-70.2162,50.47,65,100,4.27
478,Qixingtai,CN,2022-11-13 10:07:50,30.4135,111.8874,49.19,60,96,12.86
479,Fond Du Lac,US,2022-11-13 10:07:51,43.775,-88.4388,28.47,74,100,8.05
480,Bajitpur,BD,2022-11-13 10:07:52,24.2167,90.95,82.49,48,4,6.89
481,Comana,RO,2022-11-13 10:07:52,44.1706,26.145,59.38,53,51,1.66
482,Mandalgovi,MN,2022-11-13 10:07:52,45.7625,106.2708,26.17,32,21,8.63
483,Lleida,ES,2022-11-13 10:07:53,41.6167,0.6167,60.94,70,0,2.3
484,Nandu,CN,2022-11-13 10:07:53,22.8525,110.8233,81.5,56,62,3.89
485,Salihorsk,BY,2022-11-13 10:07:54,52.7876,27.5415,51.33,71,51,11.21
486,Mahajanga,MG,2022-11-13 10:07:54,-15.7167,46.3167,91.42,49,20,11.5
487,Tomatlan,MX,2022-11-13 10:07:55,19.9333,-105.25,65.01,88,1,3.15
488,Belaya Gora,RU,2022-11-13 10:07:55,68.5333,146.4167,-28.86,100,91,1.41
489,Bosaso,SO,2022-11-13 10:07:55,11.2842,49.1816,83.17,62,15,17.54
490,Itoman,JP,2022-11-13 10:07:56,26.1247,127.6694,77.02,88,40,17.27
491,Huarmey,PE,2022-11-13 10:07:56,-10.0681,-78.1522,61.5,91,55,4.27
492,Zheshart,RU,2022-11-13 10:07:57,62.0731,49.5733,34.88,98,100,7.52
493,Arica,CL,2022-11-13 10:07:57,-18.475,-70.3042,64.63,72,100,6.91
494,Lucea,JM,2022-11-13 10:07:58,18.451,-78.1736,75.85,81,44,8.01
495,Trofors,NO,2022-11-13 10:07:58,65.5333,13.4063,42.67,93,100,5.61
496,Ouallam,NE,2022-11-13 10:07:59,14.3188,2.0866,91.96,14,1,17.98
497,Port Townsend,US,2022-11-13 10:07:59,48.117,-122.7605,42.49,94,100,1.01
498,Qaqortoq,GL,2022-11-13 10:07:59,60.7167,-46.0333,25.59,97,100,3.91
499,Torbat-E Jam,IR,2022-11-13 10:08:00,35.244,60.6225,46.69,65,99,6.73
500,Saint-Georges,GD,2022-11-13 10:08:00,12.0564,-61.7485,78.24,85,69,10.2
501,Pryazha,RU,2022-11-13 10:08:01,61.6926,33.6216,38.43,76,100,10.36
502,Straumen,NO,2022-11-13 10:09:01,63.8709,11.2999,41.0,83,100,4.34
503,Guozhen,CN,2022-11-13 10:09:02,34.3659,107.359,51.4,60,93,3.91
504,Nhulunbuy,AU,2022-11-13 10:09:02,-12.2333,136.7667,84.81,74,85,6.91
505,Campeche,MX,2022-11-13 10:09:02,19.0,-90.5,67.05,91,3,1.41
506,Suntar,RU,2022-11-13 10:09:03,62.1444,117.6319,-14.03,100,44,3.04
507,Moron,AR,2022-11-13 10:09:03,-34.6534,-58.6198,69.93,85,99,3.98
508,Trinidad,BO,2022-11-13 10:09:04,-14.8333,-64.9,77.13,70,35,7.23
509,Ambon,ID,2022-11-13 10:09:04,-3.6954,128.1814,84.34,84,40,5.75
510,Fare,PF,2022-11-13 10:09:04,-16.7,-151.0167,73.58,89,100,10.92
511,Broken Hill,AU,2022-11-13 10:09:05,-31.95,141.4333,66.02,41,73,16.8
512,Vostok,RU,2022-11-13 10:09:06,46.4856,135.8833,20.91,97,100,3.2
513,Kendari,ID,2022-11-13 10:09:06,-3.945,122.4989,78.4,89,100,3.71
514,Manggar,ID,2022-11-13 10:07:23,-2.8833,108.2667,80.65,81,100,7.31
515,Lasa,IT,2022-11-13 10:09:07,46.6166,10.7002,50.02,64,2,5.7
516,Port Blair,IN,2022-11-13 10:09:07,11.6667,92.75,83.32,71,43,11.83
517,Zhigansk,RU,2022-11-13 10:09:08,66.7697,123.3711,-6.48,98,100,12.03
518,Paralimni,CY,2022-11-13 10:09:08,35.0375,33.9833,76.08,57,0,11.01
519,Victor Harbor,AU,2022-11-13 10:09:08,-35.5667,138.6167,59.0,81,24,1.99
520,Ihosy,MG,2022-11-13 10:09:09,-22.4,46.1167,86.18,36,27,6.78
521,Olafsvik,IS,2022-11-13 10:09:09,64.8945,-23.7142,43.45,76,39,19.46
522,Vanimo,PG,2022-11-13 10:09:10,-2.6741,141.3028,80.47,83,99,4.61
523,Eraniel,IN,2022-11-13 10:09:10,8.2,77.3,83.82,70,66,6.04
524,Tadine,NC,2022-11-13 10:09:11,-21.55,167.8833,75.45,84,84,16.13
525,Izumo,JP,2022-11-13 10:09:11,35.3667,132.7667,56.5,88,100,13.15
526,Corinto,GR,2022-11-13 10:09:11,37.9407,22.9573,64.89,59,46,4.12
527,Iralaya,HN,2022-11-13 10:09:12,15.0,-83.2333,78.53,84,14,7.2
528,Batagay-Alyta,RU,2022-11-13 10:09:12,67.8006,130.4114,-22.41,96,96,3.83
529,Santa Isabel Do Rio Negro,BR,2022-11-13 10:09:13,-0.4139,-65.0192,73.29,89,100,2.62
530,Kondinskoye,RU,2022-11-13 10:09:13,59.6481,67.41,21.36,93,56,9.62
531,Ginda,IN,2022-11-13 10:09:14,30.6945,78.4932,61.47,24,32,4.94
532,Port Saint Lucie,US,2022-11-13 10:04:44,27.2939,-80.3503,71.04,83,22,0.0
533,Xicotencatl,MX,2022-11-13 10:09:14,23.0167,-98.8833,62.53,36,98,8.63
534,Peruibe,BR,2022-11-13 10:09:15,-24.32,-46.9983,70.75,87,63,2.59
535,Chifeng,CN,2022-11-13 10:09:15,42.2683,118.9636,22.12,77,0,3.49
536,Severnyy,RU,2022-11-13 10:09:16,50.677,36.5532,53.64,66,0,17.9
537,Miri,MY,2022-11-13 10:04:52,4.4148,114.0089,80.98,80,63,7.4
538,Vila Velha,BR,2022-11-13 10:09:16,-20.3297,-40.2925,76.95,88,75,13.8
539,Balangir,IN,2022-11-13 10:09:17,20.7167,83.4833,81.63,35,70,5.77
540,Saint-Augustin,CA,2022-11-13 10:09:17,51.226,-58.6502,24.49,64,21,10.45
541,Praya,CV,2022-11-13 10:09:18,14.9215,-23.5087,79.34,65,20,18.41
542,Waitati,NZ,2022-11-13 10:09:18,-45.75,170.5667,49.8,80,100,3.04
543,Tiarei,PF,2022-11-13 10:09:19,-17.5333,-149.3333,75.22,85,100,2.82
544,Ucluelet,CA,2022-11-13 10:06:18,48.9329,-125.5528,43.09,90,100,5.01
545,Nanortalik,GL,2022-11-13 10:09:19,60.1432,-45.2371,27.16,95,100,18.7
546,Juneau,US,2022-11-13 10:07:14,58.3019,-134.4197,40.21,97,100,11.5
547,Amapa,BR,2022-11-13 10:09:20,1.0,-52.0,72.14,95,70,1.21
548,Paragominas,BR,2022-11-13 10:09:20,-2.9667,-47.4833,74.07,91,13,3.47
549,Uvira,CD,2022-11-13 10:09:21,-3.4067,29.1458,76.01,75,100,2.8
550,Grindavik,IS,2022-11-13 10:10:21,63.8424,-22.4338,46.87,76,75,23.02
551,Myra,IT,2022-11-13 10:10:22,45.4358,12.1348,60.01,63,0,13.8
552,San Andres,CO,2022-11-13 10:10:22,12.5847,-81.7006,82.42,78,40,11.5
553,Chuy,UY,2022-11-13 10:10:23,-33.6971,-53.4616,67.24,87,99,10.8
554,Muros,ES,2022-11-13 10:10:23,42.7762,-9.0603,65.68,77,95,20.22
555,Fuling,CN,2022-11-13 10:10:23,29.7022,107.3919,54.81,91,100,0.78
556,Winslow,US,2022-11-13 10:10:24,35.0242,-110.6974,28.58,74,0,3.44
557,Mahon,ES,2022-11-13 10:10:24,39.8885,4.2658,63.16,88,20,3.44
558,Asfi,MA,2022-11-13 10:10:25,32.2994,-9.2372,76.12,35,89,4.97
559,Safford,US,2022-11-13 10:10:25,32.834,-109.7076,52.11,46,0,8.05
560,Doha,QA,2022-11-13 10:09:30,25.2867,51.5333,91.71,31,0,9.22
561,Nemuro,JP,2022-11-13 10:10:26,43.3236,145.575,56.91,86,100,30.98
562,Martil,MA,2022-11-13 10:10:26,35.6166,-5.2752,70.88,59,2,2.66
563,Los Llanos De Aridane,ES,2022-11-13 10:10:27,28.6585,-17.9182,69.55,69,20,5.75
564,Boca Do Acre,BR,2022-11-13 10:10:27,-8.7522,-67.3978,71.91,84,18,2.44
565,Alice Springs,AU,2022-11-13 10:10:27,-23.7,133.8833,88.21,40,54,12.66
566,Santa Fe,AR,2022-11-13 10:08:24,-31.6333,-60.7,65.01,90,100,8.99
567,Trecate,IT,2022-11-13 10:10:28,45.4348,8.7368,61.88,70,100,1.99
568,Humaita,BR,2022-11-13 10:10:29,-7.5061,-63.0208,75.18,84,100,1.41
569,Dzhebariki-Khaya,RU,2022-11-13 10:10:29,62.2167,135.8,12.9,94,100,10.4
570,Mandera,KE,2022-11-13 10:10:30,3.9366,41.867,89.04,44,48,7.99
571,Labuhan,ID,2022-11-13 10:10:30,-6.8844,112.2051,83.55,73,96,3.2
572,Nerchinskiy Zavod,RU,2022-11-13 10:10:30,51.3088,119.61,1.87,100,63,1.81
573,Rosarito,MX,2022-11-13 10:10:31,32.3333,-117.0333,53.13,72,19,5.55
574,Porto Novo,BJ,2022-11-13 10:10:31,6.4965,2.6036,86.61,63,94,6.29
575,Matagami,CA,2022-11-13 10:10:32,49.7502,-77.6328,16.7,95,100,6.46
576,Kinwat,IN,2022-11-13 10:10:32,19.6333,78.2,82.29,39,77,7.36
577,Porto Santo,PT,2022-11-13 10:10:33,33.072,-16.3415,70.18,78,20,5.75
578,Black River,JM,2022-11-13 10:10:33,18.0264,-77.8487,75.45,87,70,4.74
579,Xining,CN,2022-11-13 10:10:33,36.6167,101.7667,33.6,73,100,4.0
580,Dalvik,IS,2022-11-13 10:10:34,65.9702,-18.5286,36.7,82,75,11.95
581,Gayeri,BF,2022-11-13 10:10:34,12.6497,0.4931,91.51,20,15,13.44
582,Takaka,NZ,2022-11-13 10:10:35,-40.85,172.8,57.56,85,49,3.91
583,Meulaboh,ID,2022-11-13 10:10:35,4.1363,96.1285,74.79,95,100,2.24
584,Chapais,CA,2022-11-13 10:10:35,49.7834,-74.8492,22.78,94,100,7.02
